事故内容,事故内容区分,事故類型,事故類型区分,天候,天候区分,昼夜,昼夜区分,時間帯区分,曜日(発生年月日),曜日区分,死者数,発生日時　　分,発生日時　　年,発生日時　　日,発生日時　　時,発生日時　　月,発生日時（年月日）,発生日時（時間）,負傷者数,路線,路線コード,道路形状,道路形状区分,件数,経度,緯度
2,負傷,21,車両相互,1,晴,12,昼－昼,15-18時,6,金,0,2,2023,18,15,8,2023/8/18,15:2,3,,37000,1,交差点－その他,1,138.31584,34.82333889
2,負傷,21,車両相互,1,晴,12,昼－昼,6-9時,6,金,0,45,2023,1,8,12,2023/12/1,8:45,3,,37000,1,交差点－その他,1,138.296235,34.86756806
2,負傷,21,車両相互,1,晴,12,昼－昼,9-12時,6,金,0,55,2023,5,9,5,2023/5/5,9:55,3,,37000,14,単路－その他,1,138.3108681,34.85711611
2,負傷,21,車両相互,1,晴,12,昼－昼,12-15時,6,金,0,23,2023,25,14,8,2023/8/25,14:23,3,,10810,14,単路－その他,1,138.312215,34.87619
2,負傷,21,車両相互,1,晴,12,昼－昼,6-9時,6,金,0,25,2023,22,8,12,2023/12/22,8:25,4,,10300,1,交差点－その他,1,138.2927811,34.87240694
2,負傷,21,車両相互,1,晴,12,昼－昼,12-15時,6,金,0,41,2023,22,14,12,2023/12/22,14:41,4,,10810,1,交差点－その他,1,138.316335,34.86782
2,負傷,21,車両相互,1,晴,12,昼－昼,12-15時,6,金,0,25,2023,3,14,11,2023/11/3,14:25,4,主要地方道－市道,1500,7,交差点付近－その他,1,138.3151089,34.88011
2,負傷,21,車両相互,1,晴,12,昼－昼,12-15時,6,金,0,0,2023,4,13,8,2023/8/4,13:0,4,主要地方道－市道,1501,14,単路－その他,1,138.2646,34.80337611
2,負傷,21,車両相互,1,晴,12,昼－昼,6-9時,6,金,0,41,2023,27,7,10,2023/10/27,7:41,4,主要地方道－市道,1500,14,単路－その他,1,138.2994411,34.87112889
2,負傷,21,車両相互,1,晴,12,昼－昼,9-12時,7,土,0,52,2023,28,9,1,2023/1/28,9:52,1,,99000,0,一般交通の場所,1,138.3148389,34.86334389
2,負傷,21,車両相互,1,晴,12,昼－昼,15-18時,7,土,0,19,2023,22,17,4,2023/4/22,17:19,1,,99000,0,一般交通の場所,1,138.3179369,34.856135
2,負傷,21,車両相互,1,晴,12,昼－昼,12-15時,7,土,0,7,2023,6,12,5,2023/5/6,12:7,1,,99000,0,一般交通の場所,1,138.3200719,34.86548389
2,負傷,21,車両相互,1,晴,12,昼－昼,9-12時,7,土,0,25,2023,12,9,8,2023/8/12,9:25,1,,99000,0,一般交通の場所,1,138.2962989,34.83734306
2,負傷,21,車両相互,1,晴,12,昼－昼,12-15時,7,土,0,45,2023,19,13,8,2023/8/19,13:45,1,,99000,0,一般交通の場所,1,138.31986,34.827265
2,負傷,21,車両相互,1,晴,12,昼－昼,9-12時,7,土,0,3,2023,30,9,9,2023/9/30,9:3,1,,99000,0,一般交通の場所,1,138.3130389,34.83759306
2,負傷,21,車両相互,1,晴,12,昼－昼,6-9時,7,土,0,43,2023,21,8,1,2023/1/21,8:43,1,,37000,1,交差点－その他,1,138.3077489,34.86114
2,負傷,21,車両相互,1,晴,12,昼－昼,9-12時,7,土,0,39,2023,28,10,1,2023/1/28,10:39,1,主要地方道－市道,1501,1,交差点－その他,1,138.3002369,34.86709194
2,負傷,21,車両相互,1,晴,12,昼－昼,9-12時,7,土,0,5,2023,11,10,2,2023/2/11,10:5,1,,37000,1,交差点－その他,1,138.2853089,34.84113194
2,負傷,21,車両相互,1,晴,12,昼－昼,9-12時,7,土,0,19,2023,10,10,6,2023/6/10,10:19,1,,37000,1,交差点－その他,1,138.3022239,34.84929806
2,負傷,21,車両相互,1,晴,12,昼－昼,15-18時,7,土,0,49,2023,17,17,6,2023/6/17,17:49,1,,85000,1,交差点－その他,1,138.3326919,34.87178111
2,負傷,21,車両相互,1,晴,12,昼－昼,6-9時,7,土,0,55,2023,29,7,7,2023/7/29,7:55,1,,37000,1,交差点－その他,1,138.3032389,34.86640611
2,負傷,21,車両相互,1,晴,12,昼－昼,9-12時,7,土,0,18,2023,12,9,8,2023/8/12,9:18,1,,37000,1,交差点－その他,1,138.2853861,34.83520194
2,負傷,21,車両相互,1,晴,12,昼－昼,9-12時,7,土,0,32,2023,26,9,8,2023/8/26,9:32,1,,37050,1,交差点－その他,1,138.3080339,34.84435694
2,負傷,21,車両相互,1,晴,12,昼－昼,12-15時,7,土,0,45,2023,5,14,8,2023/8/5,14:45,1,主要地方道－市道,1500,1,交差点－その他,1,138.3004081,34.83999889
2,負傷,21,車両相互,1,晴,12,昼－昼,6-9時,7,土,0,25,2023,14,7,10,2023/10/14,7:25,1,主要地方道－市道,1500,1,交差点－その他,1,138.2738069,34.81145194
2,負傷,21,車両相互,1,晴,12,昼－昼,6-9時,7,土,0,28,2023,7,8,10,2023/10/7,8:28,1,,24160,1,交差点－その他,1,138.317785,34.84302611
2,負傷,21,車両相互,1,晴,12,昼－昼,9-12時,7,土,0,55,2023,7,11,10,2023/10/7,11:55,1,,37000,1,交差点－その他,1,138.2904019,34.79163
2,負傷,21,車両相互,1,晴,12,昼－昼,15-18時,7,土,0,12,2023,28,15,10,2023/10/28,15:12,1,,37000,1,交差点－その他,1,138.3019861,34.85237194
2,負傷,21,車両相互,1,晴,12,昼－昼,9-12時,7,土,0,22,2023,4,9,11,2023/11/4,9:22,1,,37000,1,交差点－その他,1,138.315835,34.86657889
2,負傷,21,車両相互,1,晴,12,昼－昼,9-12時,7,土,0,45,2023,23,9,12,2023/12/23,9:45,1,,22240,1,交差点－その他,1,138.2911219,34.84680194
2,負傷,21,車両相互,1,晴,12,昼－昼,9-12時,7,土,0,42,2023,2,10,12,2023/12/2,10:42,1,,37000,1,交差点－その他,1,138.2963989,34.875855
2,負傷,21,車両相互,1,晴,12,昼－昼,9-12時,7,土,0,29,2023,16,10,12,2023/12/16,10:29,1,,37000,1,交差点－その他,1,138.3077031,34.83472194
2,負傷,21,車両相互,1,晴,12,昼－昼,6-9時,7,土,0,25,2023,27,6,5,2023/5/27,6:25,1,主要地方道－市道,1500,7,交差点付近－その他,1,138.2789419,34.81597694
2,負傷,21,車両相互,1,晴,12,昼－昼,6-9時,7,土,0,25,2023,27,6,5,2023/5/27,6:25,1,,24160,7,交差点付近－その他,1,138.3014089,34.83016889
2,負傷,21,車両相互,1,晴,12,昼－昼,9-12時,7,土,0,12,2023,24,11,6,2023/6/24,11:12,1,,37000,7,交差点付近－その他,1,138.308445,34.84816389
2,負傷,21,車両相互,1,晴,12,昼－昼,12-15時,7,土,0,59,2023,2,13,9,2023/9/2,13:59,1,主要地方道－市道,1500,7,交差点付近－その他,1,138.3026661,34.87683389
2,負傷,21,車両相互,1,晴,12,昼－昼,9-12時,7,土,0,18,2023,18,10,11,2023/11/18,10:18,1,,24160,7,交差点付近－その他,1,138.3193111,34.86271694
2,負傷,21,車両相互,1,晴,12,昼－昼,9-12時,7,土,0,50,2023,21,11,1,2023/1/21,11:50,1,,10810,14,単路－その他,1,138.3145781,34.87093889
2,負傷,21,車両相互,1,晴,12,昼－昼,15-18時,7,土,0,45,2023,21,15,1,2023/1/21,15:45,1,,37000,14,単路－その他,1,138.3071181,34.862595
2,負傷,21,車両相互,1,晴,12,昼－昼,9-12時,7,土,0,38,2023,25,11,2,2023/2/25,11:38,1,,37000,14,単路－その他,1,138.3026861,34.87797389
2,負傷,21,車両相互,1,晴,12,昼－昼,15-18時,7,土,0,47,2023,4,15,3,2023/3/4,15:47,1,,22130,14,単路－その他,1,138.3103639,34.89109
2,負傷,21,車両相互,1,晴,12,昼－昼,12-15時,7,土,0,8,2023,8,13,4,2023/4/8,13:8,1,主要地方道－市道,1500,14,単路－その他,1,138.2988819,34.82845694
2,負傷,21,車両相互,1,晴,12,昼－昼,6-9時,7,土,0,50,2023,20,7,5,2023/5/20,7:50,1,,37000,14,単路－その他,1,138.2998411,34.79495306
2,負傷,21,車両相互,1,晴,12,昼－昼,9-12時,7,土,0,0,2023,29,10,7,2023/7/29,10:0,1,,37000,14,単路－その他,1,138.31699,34.83037806
2,負傷,21,車両相互,1,晴,12,昼－昼,9-12時,7,土,0,30,2023,15,11,7,2023/7/15,11:30,1,,24160,14,単路－その他,1,138.3021881,34.83073389
2,負傷,21,車両相互,1,晴,12,昼－昼,12-15時,7,土,0,35,2023,2,13,9,2023/9/2,13:35,1,主要地方道－市道,1502,14,単路－その他,1,138.3112739,34.87905306
2,負傷,21,車両相互,1,晴,12,昼－昼,6-9時,7,土,0,35,2023,26,8,8,2023/8/26,8:35,2,,99000,0,一般交通の場所,1,138.2559411,34.80368111
2,負傷,21,車両相互,1,晴,12,昼－昼,15-18時,7,土,0,15,2023,18,15,2,2023/2/18,15:15,2,,37000,1,交差点－その他,1,138.2817019,34.78770889
2,負傷,21,車両相互,1,晴,12,昼－昼,9-12時,7,土,0,10,2023,11,11,3,2023/3/11,11:10,2,,37000,1,交差点－その他,1,138.3003169,34.85420306
2,負傷,21,車両相互,1,晴,12,昼－昼,12-15時,7,土,0,15,2023,11,14,3,2023/3/11,14:15,2,,37000,1,交差点－その他,1,138.3195811,34.84399
2,負傷,21,車両相互,1,晴,12,昼－昼,15-18時,7,土,0,7,2023,4,15,3,2023/3/4,15:7,2,,10310,1,交差点－その他,1,138.2905381,34.78670806
2,負傷,21,車両相互,1,晴,12,昼－昼,9-12時,7,土,0,33,2023,1,9,4,2023/4/1,9:33,2,主要地方道－市道,1500,7,交差点付近－その他,1,138.3339111,34.895395
2,負傷,21,車両相互,1,晴,12,昼－昼,15-18時,7,土,0,40,2023,24,17,6,2023/6/24,17:40,2,,37000,7,交差点付近－その他,1,138.3024739,34.85418111
2,負傷,21,車両相互,1,晴,12,昼－昼,9-12時,7,土,0,22,2023,28,10,10,2023/10/28,10:22,2,,37000,14,単路－その他,1,138.300605,34.85944111
2,負傷,21,車両相互,1,晴,12,昼－昼,12-15時,7,土,0,50,2023,11,12,3,2023/3/11,12:50,3,,37000,1,交差点－その他,1,138.2998819,34.85418889
2,負傷,21,車両相互,1,晴,12,昼－昼,9-12時,7,土,0,59,2023,23,10,9,2023/9/23,10:59,3,主要地方道－市道,1500,14,単路－その他,1,138.3213931,34.88318889
2,負傷,21,車両相互,1,晴,13,昼－暮,18-21時,1,日,0,25,2023,16,18,7,2023/7/16,18:25,1,,37000,1,交差点－その他,1,138.2853119,34.83594306
2,負傷,21,車両相互,1,晴,13,昼－暮,18-21時,1,日,0,15,2023,18,18,6,2023/6/18,18:15,1,,37000,7,交差点付近－その他,1,138.2991439,34.87833389
2,負傷,21,車両相互,1,晴,13,昼－暮,15-18時,1,日,0,43,2023,27,17,8,2023/8/27,17:43,2,,37000,14,単路－その他,1,138.3260031,34.87380194
2,負傷,21,車両相互,1,晴,13,昼－暮,15-18時,1,日,0,50,2023,1,16,10,2023/10/1,16:50,3,,37000,1,交差点－その他,1,138.3159539,34.88289306
2,負傷,21,車両相互,1,晴,13,昼－暮,15-18時,2,月,0,20,2023,18,17,9,2023/9/18,17:20,1,,99000,0,一般交通の場所,1,138.2871611,34.842135
2,負傷,21,車両相互,1,晴,13,昼－暮,15-18時,2,月,0,40,2023,30,16,10,2023/10/30,16:40,1,主要地方道－市道,1500,1,交差点－その他,1,138.3154369,34.88008194
2,負傷,21,車両相互,1,晴,13,昼－暮,15-18時,2,月,0,40,2023,20,15,11,2023/11/20,15:40,1,,37000,1,交差点－その他,1,138.3154161,34.85570611
2,負傷,21,車両相互,1,晴,13,昼－暮,15-18時,2,月,0,48,2023,20,17,3,2023/3/20,17:48,1,,37000,7,交差点付近－その他,1,138.2636961,34.80240889
2,負傷,21,車両相互,1,晴,13,昼－暮,15-18時,2,月,0,28,2023,13,16,11,2023/11/13,16:28,2,,37000,7,交差点付近－その他,1,138.2889089,34.86237389
2,負傷,21,車両相互,1,晴,13,昼－暮,15-18時,2,月,0,15,2023,2,16,1,2023/1/2,16:15,2,,10810,14,単路－その他,1,138.3063081,34.88068889
2,負傷,21,車両相互,1,晴,13,昼－暮,15-18時,3,火,0,20,2023,28,17,3,2023/3/28,17:20,1,,37000,1,交差点－その他,1,138.2950231,34.87548111
2,負傷,21,車両相互,1,晴,13,昼－暮,18-21時,3,火,0,18,2023,27,18,6,2023/6/27,18:18,1,,23550,1,交差点－その他,1,138.30618,34.79281111
2,負傷,21,車両相互,1,晴,13,昼－暮,15-18時,3,火,0,9,2023,3,17,10,2023/10/3,17:9,1,,37000,7,交差点付近－その他,1,138.2505161,34.81857194
2,負傷,21,車両相互,1,晴,13,昼－暮,15-18時,3,火,0,51,2023,10,16,1,2023/1/10,16:51,1,,37050,14,単路－その他,1,138.30826,34.84949806
2,負傷,21,車両相互,1,晴,13,昼－暮,15-18時,4,水,0,25,2023,8,16,2,2023/2/8,16:25,1,,37000,1,交差点－その他,1,138.2917239,34.82735194
2,負傷,21,車両相互,1,晴,13,昼－暮,15-18時,4,水,0,30,2023,15,17,3,2023/3/15,17:30,1,,22220,1,交差点－その他,1,138.3070519,34.86363806
2,負傷,21,車両相互,1,晴,13,昼－暮,15-18時,4,水,0,19,2023,22,17,3,2023/3/22,17:19,1,主要地方道－市道,1500,7,交差点付近－その他,1,138.3198969,34.882205
2,負傷,21,車両相互,1,晴,13,昼－暮,18-21時,4,水,0,15,2023,26,18,4,2023/4/26,18:15,1,主要地方道－市道,1500,7,交差点付近－その他,1,138.3171761,34.88062306
2,負傷,21,車両相互,1,晴,13,昼－暮,15-18時,4,水,0,6,2023,11,16,1,2023/1/11,16:6,1,,37000,14,単路－その他,1,138.3038431,34.87924611
2,負傷,21,車両相互,1,晴,13,昼－暮,15-18時,4,水,0,13,2023,18,16,10,2023/10/18,16:13,1,,10810,14,単路－その他,1,138.2982761,34.88381389
2,負傷,21,車両相互,1,晴,13,昼－暮,15-18時,4,水,0,0,2023,15,16,11,2023/11/15,16:0,2,,37000,1,交差点－その他,1,138.2923,34.82953611
2,負傷,21,車両相互,1,晴,13,昼－暮,15-18時,4,水,0,23,2023,4,16,1,2023/1/4,16:23,2,,37000,7,交差点付近－その他,1,138.308385,34.83980194
2,負傷,21,車両相互,1,晴,13,昼－暮,15-18時,4,水,0,53,2023,24,17,5,2023/5/24,17:53,2,,37000,14,単路－その他,1,138.2949311,34.86251806
2,負傷,21,車両相互,1,晴,13,昼－暮,15-18時,5,木,0,20,2023,12,16,1,2023/1/12,16:20,1,主要地方道－市道,1500,1,交差点－その他,1,138.2663981,34.80507806
2,負傷,21,車両相互,1,晴,13,昼－暮,15-18時,5,木,0,56,2023,27,17,7,2023/7/27,17:56,1,,37000,1,交差点－その他,1,138.3113489,34.818205
2,負傷,21,車両相互,1,晴,13,昼－暮,18-21時,5,木,0,47,2023,3,18,8,2023/8/3,18:47,1,,37000,1,交差点－その他,1,138.31343,34.87319194
2,負傷,21,車両相互,1,晴,13,昼－暮,15-18時,5,木,0,23,2023,2,16,11,2023/11/2,16:23,1,,37000,1,交差点－その他,1,138.2837531,34.85027194
2,負傷,21,車両相互,1,晴,13,昼－暮,15-18時,5,木,0,2,2023,2,17,3,2023/3/2,17:2,1,主要地方道－市道,1500,14,単路－その他,1,138.3327161,34.89421111
2,負傷,21,車両相互,1,晴,13,昼－暮,18-21時,5,木,0,0,2023,20,18,7,2023/7/20,18:0,1,,10810,14,単路－その他,1,138.2991369,34.88327
2,負傷,21,車両相互,1,晴,13,昼－暮,15-18時,5,木,0,41,2023,5,16,10,2023/10/5,16:41,2,,37000,1,交差点－その他,1,138.3252939,34.828255
2,負傷,21,車両相互,1,晴,13,昼－暮,15-18時,6,金,0,38,2023,28,17,4,2023/4/28,17:38,1,主要地方道－市道,1500,14,単路－その他,1,138.2998339,34.84689306
2,負傷,21,車両相互,1,晴,13,昼－暮,18-21時,6,金,0,14,2023,25,18,8,2023/8/25,18:14,2,主要地方道－市道,1500,12,単路－橋,1,138.2993411,34.87247889
2,負傷,21,車両相互,1,晴,13,昼－暮,15-18時,6,金,0,35,2023,17,17,3,2023/3/17,17:35,2,主要地方道－市道,1500,14,単路－その他,1,138.3006381,34.86482889
2,負傷,21,車両相互,1,晴,13,昼－暮,15-18時,6,金,0,32,2023,31,17,3,2023/3/31,17:32,2,,37000,14,単路－その他,1,138.2986361,34.85932111
2,負傷,21,車両相互,1,晴,13,昼－暮,15-18時,7,土,0,30,2023,30,17,9,2023/9/30,17:30,1,,22220,1,交差点－その他,1,138.3018969,34.86344194
2,負傷,21,車両相互,1,晴,13,昼－暮,15-18時,7,土,0,5,2023,28,16,10,2023/10/28,16:5,1,,10810,1,交差点－その他,1,138.300355,34.88255194
2,負傷,21,車両相互,1,晴,13,昼－暮,15-18時,7,土,0,50,2023,23,15,12,2023/12/23,15:50,1,,22220,1,交差点－その他,1,138.28719,34.86218306
2,負傷,21,車両相互,1,晴,13,昼－暮,15-18時,7,土,0,40,2023,4,16,2,2023/2/4,16:40,1,,10300,7,交差点付近－その他,1,138.2855639,34.87149806
2,負傷,21,車両相互,1,晴,13,昼－暮,15-18時,7,土,0,47,2023,28,16,1,2023/1/28,16:47,1,,37000,14,単路－その他,1,138.2987281,34.868645
2,負傷,21,車両相互,1,晴,13,昼－暮,15-18時,7,土,0,20,2023,28,16,1,2023/1/28,16:20,2,,37000,1,交差点－その他,1,138.3089139,34.82841194
2,負傷,21,車両相互,1,晴,13,昼－暮,15-18時,7,土,0,20,2023,25,17,2,2023/2/25,17:20,2,,22240,14,単路－その他,1,138.2850489,34.86386611
2,負傷,21,車両相互,1,晴,13,昼－暮,18-21時,7,土,0,45,2023,15,18,7,2023/7/15,18:45,4,,85000,1,交差点－その他,1,138.3256089,34.86257694
2,負傷,21,車両相互,1,晴,21,夜－暮,18-21時,1,日,0,49,2023,21,18,5,2023/5/21,18:49,1,,22260,1,交差点－その他,1,138.2932269,34.84255389
2,負傷,21,車両相互,1,晴,21,夜－暮,15-18時,2,月,0,40,2023,6,17,2,2023/2/6,17:40,1,,37000,1,交差点－その他,1,138.2791011,34.82372
2,負傷,21,車両相互,1,晴,21,夜－暮,18-21時,2,月,0,10,2023,10,19,7,2023/7/10,19:10,1,,37000,1,交差点－その他,1,138.3093189,34.83993806
2,負傷,21,車両相互,1,晴,21,夜－暮,15-18時,2,月,0,50,2023,13,16,11,2023/11/13,16:50,1,,37000,1,交差点－その他,1,138.3066139,34.88395111
2,負傷,21,車両相互,1,晴,21,夜－暮,15-18時,2,月,0,25,2023,9,17,1,2023/1/9,17:25,1,,10310,14,単路－その他,1,138.3176739,34.83518111
2,負傷,21,車両相互,1,晴,21,夜－暮,18-21時,2,月,0,25,2023,20,18,3,2023/3/20,18:25,1,主要地方道－市道,1500,14,単路－その他,1,138.3008319,34.86346389
2,負傷,21,車両相互,1,晴,21,夜－暮,15-18時,2,月,0,45,2023,11,16,12,2023/12/11,16:45,1,主要地方道－市道,1500,14,単路－その他,1,138.2657981,34.80444889
2,負傷,21,車両相互,1,晴,21,夜－暮,15-18時,2,月,0,14,2023,18,17,12,2023/12/18,17:14,1,,37000,14,単路－その他,1,138.3152481,34.86517694
2,負傷,21,車両相互,1,晴,21,夜－暮,15-18時,2,月,0,43,2023,30,17,10,2023/10/30,17:43,2,,10330,7,交差点付近－その他,1,138.2790239,34.81622306
2,負傷,21,車両相互,1,晴,21,夜－暮,18-21時,3,火,0,24,2023,28,18,2,2023/2/28,18:24,1,,22270,1,交差点－その他,1,138.2994939,34.794635
2,負傷,21,車両相互,1,晴,21,夜－暮,18-21時,3,火,0,42,2023,9,18,5,2023/5/9,18:42,1,,24160,1,交差点－その他,1,138.320965,34.868235
2,負傷,21,車両相互,1,晴,21,夜－暮,18-21時,3,火,0,0,2023,18,19,7,2023/7/18,19:0,1,,37000,1,交差点－その他,1,138.2823861,34.823705
2,負傷,21,車両相互,1,晴,21,夜－暮,18-21時,3,火,0,2,2023,26,18,9,2023/9/26,18:2,1,,37000,1,交差点－その他,1,138.29096,34.82140694
2,負傷,21,車両相互,1,晴,21,夜－暮,15-18時,3,火,0,17,2023,7,17,11,2023/11/7,17:17,1,,10340,1,交差点－その他,1,138.254865,34.81512111
2,負傷,21,車両相互,1,晴,21,夜－暮,15-18時,3,火,0,15,2023,14,17,11,2023/11/14,17:15,1,,37000,1,交差点－その他,1,138.3203461,34.84745389
2,負傷,21,車両相互,1,晴,21,夜－暮,15-18時,3,火,0,10,2023,21,17,11,2023/11/21,17:10,1,,37000,1,交差点－その他,1,138.3065831,34.87171694
2,負傷,21,車両相互,1,晴,21,夜－暮,15-18時,3,火,0,37,2023,10,17,1,2023/1/10,17:37,1,,37000,14,単路－その他,1,138.27495,34.81053389
2,負傷,21,車両相互,1,晴,21,夜－暮,18-21時,3,火,0,2,2023,27,20,6,2023/6/27,20:2,2,,37000,1,交差点－その他,1,138.3024081,34.854275
2,負傷,21,車両相互,1,晴,21,夜－暮,18-21時,4,水,0,39,2023,1,18,3,2023/3/1,18:39,1,,37000,1,交差点－その他,1,138.3170739,34.870535
2,負傷,21,車両相互,1,晴,21,夜－暮,15-18時,4,水,0,0,2023,29,17,11,2023/11/29,17:0,1,,37000,1,交差点－その他,1,138.3137761,34.88520611
2,負傷,21,車両相互,1,晴,21,夜－暮,18-21時,4,水,0,30,2023,2,19,8,2023/8/2,19:30,1,,37000,7,交差点付近－その他,1,138.3046211,34.85370889
2,負傷,21,車両相互,1,晴,21,夜－暮,15-18時,4,水,0,41,2023,27,17,12,2023/12/27,17:41,1,,10300,13,単路－カーブ・屈折,1,138.2825989,34.87123694
2,負傷,21,車両相互,1,晴,21,夜－暮,15-18時,4,水,0,50,2023,1,17,2,2023/2/1,17:50,1,,37000,14,単路－その他,1,138.28254,34.86237694
2,負傷,21,車両相互,1,晴,21,夜－暮,18-21時,4,水,0,28,2023,2,19,8,2023/8/2,19:28,1,主要地方道－市道,1501,14,単路－その他,1,138.299475,34.86969306
2,負傷,21,車両相互,1,晴,21,夜－暮,15-18時,4,水,0,30,2023,8,17,11,2023/11/8,17:30,1,,37000,14,単路－その他,1,138.3229369,34.86839611
2,負傷,21,車両相互,1,晴,21,夜－暮,15-18時,4,水,0,55,2023,18,17,10,2023/10/18,17:55,2,,37000,14,単路－その他,1,138.2715631,34.81274389
2,負傷,21,車両相互,1,晴,21,夜－暮,15-18時,5,木,0,58,2023,2,17,3,2023/3/2,17:58,1,,99000,0,一般交通の場所,1,138.3086289,34.85065611
2,負傷,21,車両相互,1,晴,21,夜－暮,15-18時,5,木,0,10,2023,21,17,12,2023/12/21,17:10,1,,37000,1,交差点－その他,1,138.3189789,34.88255611
2,負傷,21,車両相互,1,晴,21,夜－暮,18-21時,5,木,0,45,2023,9,18,3,2023/3/9,18:45,1,主要地方道－市道,1500,12,単路－橋,1,138.2578031,34.79749694
2,負傷,21,車両相互,1,晴,21,夜－暮,15-18時,5,木,0,29,2023,5,17,1,2023/1/5,17:29,1,,37000,14,単路－その他,1,138.3084119,34.86137389
2,負傷,21,車両相互,1,晴,21,夜－暮,18-21時,5,木,0,15,2023,10,19,8,2023/8/10,19:15,1,,37000,14,単路－その他,1,138.2990219,34.86859806
2,負傷,21,車両相互,1,晴,21,夜－暮,15-18時,6,金,0,50,2023,3,17,2,2023/2/3,17:50,1,主要地方道－市道,1500,1,交差点－その他,1,138.2958289,34.82636194
2,負傷,21,車両相互,1,晴,21,夜－暮,18-21時,6,金,0,41,2023,25,18,8,2023/8/25,18:41,1,,37000,1,交差点－その他,1,138.29169,34.78608694