事故内容,事故内容区分,事故類型,事故類型区分,天候,天候区分,昼夜,昼夜区分,時間帯区分,曜日(発生年月日),曜日区分,死者数,発生日時　　分,発生日時　　年,発生日時　　日,発生日時　　時,発生日時　　月,発生日時（年月日）,発生日時（時間）,負傷者数,路線,路線コード,道路形状,道路形状区分,件数,経度,緯度
2,負傷,21,車両相互,1,晴,21,夜－暮,15-18時,6,金,0,10,2023,27,17,1,2023/1/27,17:10,2,,37000,1,交差点－その他,1,138.2962569,34.87526306
2,負傷,21,車両相互,1,晴,21,夜－暮,18-21時,6,金,0,4,2023,17,18,3,2023/3/17,18:4,2,,10810,14,単路－その他,1,138.3119589,34.87683194
2,負傷,21,車両相互,1,晴,21,夜－暮,18-21時,6,金,0,20,2023,17,18,2,2023/2/17,18:20,3,主要地方道－市道,1500,1,交差点－その他,1,138.28017,34.81701194
2,負傷,21,車両相互,1,晴,21,夜－暮,15-18時,7,土,0,35,2023,18,17,11,2023/11/18,17:35,1,,99000,0,一般交通の場所,1,138.2897269,34.829265
2,負傷,21,車両相互,1,晴,21,夜－暮,15-18時,7,土,0,38,2023,21,17,10,2023/10/21,17:38,1,,37000,1,交差点－その他,1,138.3117231,34.834635
2,負傷,21,車両相互,1,晴,21,夜－暮,18-21時,7,土,0,20,2023,24,19,6,2023/6/24,19:20,2,,24160,1,交差点－その他,1,138.31283,34.83735889
2,負傷,21,車両相互,1,晴,22,夜－夜,15-18時,1,日,0,45,2023,24,17,12,2023/12/24,17:45,1,,99000,0,一般交通の場所,1,138.3038019,34.88040806
2,負傷,21,車両相互,1,晴,22,夜－夜,21-24時,1,日,0,38,2023,29,21,1,2023/1/29,21:38,1,,22220,1,交差点－その他,1,138.2825589,34.86127111
2,負傷,21,車両相互,1,晴,22,夜－夜,3-6時,1,日,0,19,2023,3,3,12,2023/12/3,3:19,1,,37000,7,交差点付近－その他,1,138.3291919,34.88018194
2,負傷,21,車両相互,1,晴,22,夜－夜,18-21時,1,日,0,52,2023,24,19,9,2023/9/24,19:52,1,主要地方道－市道,1500,14,単路－その他,1,138.269035,34.80722389
2,負傷,21,車両相互,1,晴,22,夜－夜,18-21時,1,日,0,5,2023,3,18,12,2023/12/3,18:5,1,,22240,14,単路－その他,1,138.2873031,34.86130306
2,負傷,21,車両相互,1,晴,22,夜－夜,18-21時,1,日,0,32,2023,5,19,2,2023/2/5,19:32,2,,10340,1,交差点－その他,1,138.2598831,34.82021694
2,負傷,21,車両相互,1,晴,22,夜－夜,18-21時,1,日,0,57,2023,19,20,11,2023/11/19,20:57,2,主要地方道－市道,1500,1,交差点－その他,1,138.299495,34.87460389
2,負傷,21,車両相互,1,晴,22,夜－夜,18-21時,2,月,0,11,2023,9,19,1,2023/1/9,19:11,1,,22240,1,交差点－その他,1,138.293175,34.84252389
2,負傷,21,車両相互,1,晴,22,夜－夜,18-21時,2,月,0,45,2023,6,19,3,2023/3/6,19:45,1,,10810,1,交差点－その他,1,138.3051781,34.88087694
2,負傷,21,車両相互,1,晴,22,夜－夜,21-24時,2,月,0,5,2023,27,21,3,2023/3/27,21:5,1,,37000,1,交差点－その他,1,138.3237669,34.86908194
2,負傷,21,車両相互,1,晴,22,夜－夜,18-21時,2,月,0,30,2023,3,20,4,2023/4/3,20:30,1,主要地方道－市道,1501,1,交差点－その他,1,138.3110319,34.81016111
2,負傷,21,車両相互,1,晴,22,夜－夜,18-21時,2,月,0,51,2023,16,18,10,2023/10/16,18:51,1,,37000,1,交差点－その他,1,138.2870531,34.82271694
2,負傷,21,車両相互,1,晴,22,夜－夜,21-24時,2,月,0,50,2023,6,23,3,2023/3/6,23:50,1,,10810,12,単路－橋,1,138.314845,34.87037806
2,負傷,21,車両相互,1,晴,22,夜－夜,21-24時,2,月,0,15,2023,13,22,3,2023/3/13,22:15,1,,37000,14,単路－その他,1,138.2637111,34.80762111
2,負傷,21,車両相互,1,晴,22,夜－夜,21-24時,2,月,0,40,2023,25,21,9,2023/9/25,21:40,1,,37000,14,単路－その他,1,138.2872169,34.85974
2,負傷,21,車両相互,1,晴,22,夜－夜,15-18時,2,月,0,56,2023,4,17,12,2023/12/4,17:56,1,,22240,14,単路－その他,1,138.28879,34.85257111
2,負傷,21,車両相互,1,晴,22,夜－夜,21-24時,2,月,0,10,2023,20,21,11,2023/11/20,21:10,2,,24160,1,交差点－その他,1,138.3227289,34.87129389
2,負傷,21,車両相互,1,晴,22,夜－夜,18-21時,2,月,0,23,2023,18,18,12,2023/12/18,18:23,3,,42720,11,単路－トンネル,1,138.3360661,34.89922389
2,負傷,21,車両相互,1,晴,22,夜－夜,18-21時,3,火,0,27,2023,24,20,1,2023/1/24,20:27,1,,99000,0,一般交通の場所,1,138.2834381,34.85351306
2,負傷,21,車両相互,1,晴,22,夜－夜,21-24時,3,火,0,5,2023,10,22,1,2023/1/10,22:5,1,,37000,1,交差点－その他,1,138.3124419,34.87378111
2,負傷,21,車両相互,1,晴,22,夜－夜,18-21時,3,火,0,15,2023,20,20,6,2023/6/20,20:15,1,,22270,1,交差点－その他,1,138.29952,34.79462611
2,負傷,21,車両相互,1,晴,22,夜－夜,18-21時,3,火,0,34,2023,24,18,10,2023/10/24,18:34,1,主要地方道－市道,1500,1,交差点－その他,1,138.2993839,34.85143694
2,負傷,21,車両相互,1,晴,22,夜－夜,18-21時,3,火,0,35,2023,14,19,11,2023/11/14,19:35,1,主要地方道－市道,1500,1,交差点－その他,1,138.2995331,34.87459806
2,負傷,21,車両相互,1,晴,22,夜－夜,18-21時,3,火,0,35,2023,24,18,1,2023/1/24,18:35,1,主要地方道－市道,1500,7,交差点付近－その他,1,138.29957,34.87448111
2,負傷,21,車両相互,1,晴,22,夜－夜,18-21時,3,火,0,15,2023,11,19,4,2023/4/11,19:15,1,主要地方道－市道,1500,7,交差点付近－その他,1,138.3340069,34.89551111
2,負傷,21,車両相互,1,晴,22,夜－夜,21-24時,3,火,0,30,2023,2,22,5,2023/5/2,22:30,1,主要地方道－市道,1500,7,交差点付近－その他,1,138.3078111,34.878185
2,負傷,21,車両相互,1,晴,22,夜－夜,15-18時,3,火,0,37,2023,28,17,11,2023/11/28,17:37,1,,24160,7,交差点付近－その他,1,138.3172969,34.85404194
2,負傷,21,車両相互,1,晴,22,夜－夜,18-21時,3,火,0,25,2023,24,18,1,2023/1/24,18:25,1,,37000,14,単路－その他,1,138.3071711,34.85316611
2,負傷,21,車両相互,1,晴,22,夜－夜,3-6時,3,火,0,20,2023,14,4,11,2023/11/14,4:20,1,,37000,14,単路－その他,1,138.28575,34.85225194
2,負傷,21,車両相互,1,晴,22,夜－夜,18-21時,3,火,0,15,2023,19,18,12,2023/12/19,18:15,1,主要地方道－市道,1500,14,単路－その他,1,138.3115131,34.879125
2,負傷,21,車両相互,1,晴,22,夜－夜,18-21時,3,火,0,5,2023,7,19,2,2023/2/7,19:5,2,,24160,14,単路－その他,1,138.3182739,34.85859889
2,負傷,21,車両相互,1,晴,22,夜－夜,18-21時,4,水,0,0,2023,11,18,1,2023/1/11,18:0,1,,37000,1,交差点－その他,1,138.2932469,34.82082694
2,負傷,21,車両相互,1,晴,22,夜－夜,18-21時,4,水,0,26,2023,25,18,1,2023/1/25,18:26,1,主要地方道－市道,1500,1,交差点－その他,1,138.3106519,34.87903
2,負傷,21,車両相互,1,晴,22,夜－夜,18-21時,4,水,0,55,2023,18,19,1,2023/1/18,19:55,1,,37000,1,交差点－その他,1,138.3082081,34.84669194
2,負傷,21,車両相互,1,晴,22,夜－夜,18-21時,4,水,0,25,2023,20,20,12,2023/12/20,20:25,1,,37000,7,交差点付近－その他,1,138.3179381,34.87411389
2,負傷,21,車両相互,1,晴,22,夜－夜,18-21時,4,水,0,5,2023,15,19,3,2023/3/15,19:5,1,,10810,14,単路－その他,1,138.3080161,34.88006111
2,負傷,21,車両相互,1,晴,22,夜－夜,18-21時,4,水,0,26,2023,18,18,10,2023/10/18,18:26,1,,10810,14,単路－その他,1,138.3127439,34.87479611
2,負傷,21,車両相互,1,晴,22,夜－夜,18-21時,4,水,0,21,2023,8,18,11,2023/11/8,18:21,1,,37000,14,単路－その他,1,138.28988,34.85872389
2,負傷,21,車両相互,1,晴,22,夜－夜,18-21時,4,水,0,0,2023,29,18,11,2023/11/29,18:0,1,,37000,14,単路－その他,1,138.3082839,34.85286694
2,負傷,21,車両相互,1,晴,22,夜－夜,18-21時,4,水,0,8,2023,8,19,11,2023/11/8,19:8,1,,37000,14,単路－その他,1,138.2828661,34.859675
2,負傷,21,車両相互,1,晴,22,夜－夜,18-21時,4,水,0,23,2023,15,19,11,2023/11/15,19:23,1,主要地方道－市道,1500,14,単路－その他,1,138.2721681,34.81002611
2,負傷,21,車両相互,1,晴,22,夜－夜,18-21時,4,水,0,10,2023,6,18,12,2023/12/6,18:10,1,,10340,14,単路－その他,1,138.2526861,34.81338194
2,負傷,21,車両相互,1,晴,22,夜－夜,18-21時,4,水,0,16,2023,8,18,11,2023/11/8,18:16,2,,37000,1,交差点－その他,1,138.26517,34.81698694
2,負傷,21,車両相互,1,晴,22,夜－夜,21-24時,4,水,0,31,2023,12,21,4,2023/4/12,21:31,2,,22240,14,単路－その他,1,138.2827831,34.86610389
2,負傷,21,車両相互,1,晴,22,夜－夜,18-21時,4,水,0,30,2023,6,20,12,2023/12/6,20:30,2,主要地方道－市道,1500,14,単路－その他,1,138.2638069,34.80267
2,負傷,21,車両相互,1,晴,22,夜－夜,18-21時,5,木,0,34,2023,5,18,1,2023/1/5,18:34,1,,24160,1,交差点－その他,1,138.3179511,34.845905
2,負傷,21,車両相互,1,晴,22,夜－夜,18-21時,5,木,0,10,2023,16,19,2,2023/2/16,19:10,1,,37000,1,交差点－その他,1,138.3058181,34.88249111
2,負傷,21,車両相互,1,晴,22,夜－夜,18-21時,5,木,0,47,2023,3,20,8,2023/8/3,20:47,1,,37000,1,交差点－その他,1,138.3085461,34.80031694
2,負傷,21,車両相互,1,晴,22,夜－夜,21-24時,5,木,0,30,2023,30,21,11,2023/11/30,21:30,1,,37000,1,交差点－その他,1,138.3233469,34.85045889
2,負傷,21,車両相互,1,晴,22,夜－夜,18-21時,5,木,0,50,2023,31,19,8,2023/8/31,19:50,1,,37000,7,交差点付近－その他,1,138.3094519,34.85493111
2,負傷,21,車両相互,1,晴,22,夜－夜,18-21時,5,木,0,13,2023,2,18,11,2023/11/2,18:13,1,,37000,7,交差点付近－その他,1,138.3248669,34.83212694
2,負傷,21,車両相互,1,晴,22,夜－夜,18-21時,5,木,0,24,2023,9,18,2,2023/2/9,18:24,1,,37000,14,単路－その他,1,138.2947961,34.85385889
2,負傷,21,車両相互,1,晴,22,夜－夜,18-21時,5,木,0,53,2023,12,18,10,2023/10/12,18:53,1,,37000,14,単路－その他,1,138.2852661,34.83621611
2,負傷,21,車両相互,1,晴,22,夜－夜,18-21時,5,木,0,15,2023,28,20,12,2023/12/28,20:15,2,主要地方道－市道,1501,7,交差点付近－その他,1,138.2908619,34.78697806
2,負傷,21,車両相互,1,晴,22,夜－夜,21-24時,5,木,0,37,2023,14,23,9,2023/9/14,23:37,2,主要地方道－市道,1501,14,単路－その他,1,138.3005,34.86613889
2,負傷,21,車両相互,1,晴,22,夜－夜,21-24時,6,金,0,40,2023,24,22,3,2023/3/24,22:40,1,主要地方道－市道,1500,1,交差点－その他,1,138.3056411,34.87773194
2,負傷,21,車両相互,1,晴,22,夜－夜,18-21時,6,金,0,25,2023,4,20,8,2023/8/4,20:25,1,,37000,1,交差点－その他,1,138.3125311,34.84585306
2,負傷,21,車両相互,1,晴,22,夜－夜,21-24時,6,金,0,31,2023,25,22,8,2023/8/25,22:31,1,主要地方道－市道,1500,1,交差点－その他,1,138.29965,34.87461806
2,負傷,21,車両相互,1,晴,22,夜－夜,18-21時,6,金,0,10,2023,1,20,9,2023/9/1,20:10,1,,37000,1,交差点－その他,1,138.3020639,34.85153806
2,負傷,21,車両相互,1,晴,22,夜－夜,18-21時,6,金,0,12,2023,8,19,12,2023/12/8,19:12,1,,37000,1,交差点－その他,1,138.321425,34.84904
2,負傷,21,車両相互,1,晴,22,夜－夜,18-21時,6,金,0,40,2023,8,20,12,2023/12/8,20:40,1,,22220,1,交差点－その他,1,138.2870919,34.86196889
2,負傷,21,車両相互,1,晴,22,夜－夜,21-24時,6,金,0,53,2023,22,21,12,2023/12/22,21:53,1,,37000,1,交差点－その他,1,138.307185,34.86047806
2,負傷,21,車両相互,1,晴,22,夜－夜,18-21時,6,金,0,58,2023,20,18,10,2023/10/20,18:58,1,,37000,7,交差点付近－その他,1,138.2967319,34.88112194
2,負傷,21,車両相互,1,晴,22,夜－夜,18-21時,6,金,0,36,2023,24,20,3,2023/3/24,20:36,1,主要地方道－市道,1502,14,単路－その他,1,138.2797081,34.81652694
2,負傷,21,車両相互,1,晴,22,夜－夜,18-21時,6,金,0,10,2023,1,19,12,2023/12/1,19:10,1,,22240,14,単路－その他,1,138.2890619,34.850675
2,負傷,21,車両相互,1,晴,22,夜－夜,18-21時,6,金,0,8,2023,22,19,12,2023/12/22,19:8,1,,37000,14,単路－その他,1,138.3081289,34.84512
2,負傷,21,車両相互,1,晴,22,夜－夜,18-21時,6,金,0,20,2023,3,18,11,2023/11/3,18:20,2,,99000,0,一般交通の場所,1,138.3203031,34.86210611
2,負傷,21,車両相互,1,晴,22,夜－夜,15-18時,6,金,0,57,2023,29,17,12,2023/12/29,17:57,2,,37000,1,交差点－その他,1,138.311735,34.83240806
2,負傷,21,車両相互,1,晴,22,夜－夜,18-21時,6,金,0,24,2023,14,20,4,2023/4/14,20:24,3,,10810,14,単路－その他,1,138.2995461,34.88305111
2,負傷,21,車両相互,1,晴,22,夜－夜,21-24時,7,土,0,50,2023,18,23,11,2023/11/18,23:50,1,,22220,1,交差点－その他,1,138.2827339,34.86125389
2,負傷,21,車両相互,1,晴,22,夜－夜,0-3時,7,土,0,15,2023,28,1,10,2023/10/28,1:15,1,,22220,7,交差点付近－その他,1,138.2825839,34.86125194
2,負傷,21,車両相互,1,晴,22,夜－夜,18-21時,7,土,0,20,2023,11,19,3,2023/3/11,19:20,1,主要地方道－市道,1500,14,単路－その他,1,138.2997431,34.82907
2,負傷,21,車両相互,1,晴,22,夜－夜,21-24時,7,土,0,23,2023,25,21,2,2023/2/25,21:23,2,主要地方道－市道,1500,1,交差点－その他,1,138.2995881,34.86864111
2,負傷,21,車両相互,1,晴,22,夜－夜,18-21時,7,土,0,30,2023,11,18,11,2023/11/11,18:30,2,,24160,7,交差点付近－その他,1,138.3235811,34.87274806
2,負傷,21,車両相互,1,晴,22,夜－夜,21-24時,7,土,0,8,2023,9,23,12,2023/12/9,23:8,2,主要地方道－市道,1500,7,交差点付近－その他,1,138.3212819,34.88310889
2,負傷,21,車両相互,1,晴,22,夜－夜,18-21時,7,土,0,40,2023,27,20,5,2023/5/27,20:40,3,,37000,1,交差点－その他,1,138.2859981,34.85537806
2,負傷,21,車両相互,1,晴,23,夜－明,6-9時,2,月,0,3,2023,27,6,2,2023/2/27,6:3,1,主要地方道－市道,1500,7,交差点付近－その他,1,138.2995281,34.87021611
2,負傷,21,車両相互,1,晴,23,夜－明,6-9時,4,水,0,22,2023,11,6,1,2023/1/11,6:22,1,,10310,14,単路－その他,1,138.2885419,34.78486389
2,負傷,41,車両単独,1,晴,11,昼－明,6-9時,3,火,0,30,2023,31,6,10,2023/10/31,6:30,1,,37000,14,単路－その他,1,138.3162439,34.85669694
2,負傷,41,車両単独,1,晴,12,昼－昼,9-12時,1,日,0,45,2023,9,9,4,2023/4/9,9:45,1,,37000,1,交差点－その他,1,138.2748639,34.79863306
2,負傷,41,車両単独,1,晴,12,昼－昼,6-9時,3,火,0,30,2023,9,7,5,2023/5/9,7:30,1,,37000,1,交差点－その他,1,138.32172,34.84374694
2,負傷,41,車両単独,1,晴,12,昼－昼,15-18時,4,水,0,15,2023,4,15,10,2023/10/4,15:15,1,,37000,14,単路－その他,1,138.3074331,34.82488611
2,負傷,41,車両単独,1,晴,12,昼－昼,9-12時,5,木,0,50,2023,2,10,11,2023/11/2,10:50,1,,37000,1,交差点－その他,1,138.2934719,34.85791306
2,負傷,41,車両単独,1,晴,13,昼－暮,18-21時,4,水,0,14,2023,10,18,5,2023/5/10,18:14,1,,37000,14,単路－その他,1,138.30043,34.86477306
2,負傷,41,車両単独,1,晴,22,夜－夜,21-24時,4,水,0,30,2023,14,22,6,2023/6/14,22:30,4,,37000,13,単路－カーブ・屈折,1,138.3250131,34.85212611
2,負傷,41,車両単独,1,晴,22,夜－夜,18-21時,5,木,0,40,2023,12,20,1,2023/1/12,20:40,1,主要地方道－市道,1500,7,交差点付近－その他,1,138.300105,34.87514194
2,負傷,41,車両単独,1,晴,22,夜－夜,3-6時,6,金,0,53,2023,28,3,4,2023/4/28,3:53,1,,37000,13,単路－カーブ・屈折,1,138.2806869,34.857435
2,負傷,1,人対車両,2,曇,12,昼－昼,15-18時,2,月,0,25,2023,25,15,9,2023/9/25,15:25,1,,10300,1,交差点－その他,1,138.31724,34.867445
2,負傷,1,人対車両,2,曇,12,昼－昼,12-15時,4,水,0,37,2023,4,12,10,2023/10/4,12:37,1,,24160,7,交差点付近－その他,1,138.3180881,34.84727611
2,負傷,1,人対車両,2,曇,12,昼－昼,15-18時,6,金,0,19,2023,27,15,1,2023/1/27,15:19,1,,99000,0,一般交通の場所,1,138.2997731,34.87536111
2,負傷,1,人対車両,2,曇,12,昼－昼,6-9時,6,金,0,40,2023,22,6,9,2023/9/22,6:40,1,,37000,1,交差点－その他,1,138.27828,34.82489611
2,負傷,1,人対車両,2,曇,12,昼－昼,6-9時,6,金,0,44,2023,7,6,4,2023/4/7,6:44,1,,37000,14,単路－その他,1,138.2821189,34.859405
2,負傷,1,人対車両,2,曇,21,夜－暮,18-21時,4,水,0,15,2023,12,19,4,2023/4/12,19:15,1,,37000,1,交差点－その他,1,138.3109481,34.85995
2,負傷,1,人対車両,2,曇,22,夜－夜,18-21時,4,水,0,28,2023,19,20,4,2023/4/19,20:28,1,,37000,14,単路－その他,1,138.3029669,34.88960194
2,負傷,21,車両相互,2,曇,11,昼－明,6-9時,2,月,0,5,2023,13,6,3,2023/3/13,6:5,1,,37000,1,交差点－その他,1,138.2852589,34.84111889
2,負傷,21,車両相互,2,曇,11,昼－明,6-9時,5,木,0,30,2023,2,7,2,2023/2/2,7:30,1,,37000,1,交差点－その他,1,138.2764881,34.813895
2,負傷,21,車両相互,2,曇,11,昼－明,6-9時,5,木,0,28,2023,16,7,2,2023/2/16,7:28,1,,37000,14,単路－その他,1,138.3055881,34.835175
2,負傷,21,車両相互,2,曇,12,昼－昼,12-15時,1,日,0,27,2023,30,13,4,2023/4/30,13:27,1,,37000,1,交差点－その他,1,138.3084989,34.85286611
2,負傷,21,車両相互,2,曇,12,昼－昼,12-15時,1,日,0,9,2023,9,13,7,2023/7/9,13:9,1,,10310,1,交差点－その他,1,138.3182511,34.82933111
2,負傷,21,車両相互,2,曇,12,昼－昼,12-15時,1,日,0,0,2023,25,14,6,2023/6/25,14:0,1,,37000,7,交差点付近－その他,1,138.2837531,34.82356889
2,負傷,21,車両相互,2,曇,12,昼－昼,12-15時,1,日,0,8,2023,4,14,6,2023/6/4,14:8,1,,10810,14,単路－その他,1,138.3120519,34.87668889
2,負傷,21,車両相互,2,曇,12,昼－昼,9-12時,2,月,0,14,2023,23,11,1,2023/1/23,11:14,1,,37000,1,交差点－その他,1,138.3086681,34.87334389
2,負傷,21,車両相互,2,曇,12,昼－昼,15-18時,2,月,0,0,2023,23,15,1,2023/1/23,15:0,1,主要地方道－市道,1500,1,交差点－その他,1,138.29996,34.85436389
2,負傷,21,車両相互,2,曇,12,昼－昼,15-18時,2,月,0,41,2023,29,17,5,2023/5/29,17:41,1,,37000,1,交差点－その他,1,138.310415,34.83980389
2,負傷,21,車両相互,2,曇,12,昼－昼,15-18時,2,月,0,0,2023,3,17,7,2023/7/3,17:0,1,,37000,1,交差点－その他,1,138.3022311,34.84929694
2,負傷,21,車両相互,2,曇,12,昼－昼,12-15時,2,月,0,33,2023,14,14,8,2023/8/14,14:33,1,,37000,1,交差点－その他,1,138.3092469,34.84543889
2,負傷,21,車両相互,2,曇,12,昼－昼,12-15時,2,月,0,27,2023,4,12,9,2023/9/4,12:27,1,,37000,1,交差点－その他,1,138.2920369,34.85991
2,負傷,21,車両相互,2,曇,12,昼－昼,9-12時,2,月,0,30,2023,27,10,3,2023/3/27,10:30,1,,37000,7,交差点付近－その他,1,138.3066239,34.86903611
2,負傷,21,車両相互,2,曇,12,昼－昼,6-9時,2,月,0,57,2023,14,8,8,2023/8/14,8:57,1,,24160,7,交差点付近－その他,1,138.3272711,34.87749806
2,負傷,21,車両相互,2,曇,12,昼－昼,15-18時,2,月,0,33,2023,3,17,7,2023/7/3,17:33,1,主要地方道－市道,1501,11,単路－トンネル,1,138.3369631,34.89949306
2,負傷,21,車両相互,2,曇,12,昼－昼,12-15時,2,月,0,40,2023,24,12,4,2023/4/24,12:40,1,,37000,14,単路－その他,1,138.297125,34.86599611
2,負傷,21,車両相互,2,曇,12,昼－昼,15-18時,2,月,0,30,2023,19,16,6,2023/6/19,16:30,1,,37000,14,単路－その他,1,138.31499,34.83892694
2,負傷,21,車両相互,2,曇,12,昼－昼,9-12時,2,月,0,46,2023,7,9,8,2023/8/7,9:46,1,主要地方道－市道,1500,14,単路－その他,1,138.305555,34.80112889
2,負傷,21,車両相互,2,曇,12,昼－昼,9-12時,3,火,0,58,2023,27,10,6,2023/6/27,10:58,1,,99000,0,一般交通の場所,1,138.2990419,34.85906611
2,負傷,21,車両相互,2,曇,12,昼－昼,9-12時,3,火,0,50,2023,31,10,1,2023/1/31,10:50,1,,24160,1,交差点－その他,1,138.32323,34.87217611
2,負傷,21,車両相互,2,曇,12,昼－昼,12-15時,3,火,0,13,2023,4,14,7,2023/7/4,14:13,1,,37000,1,交差点－その他,1,138.3041019,34.845785
2,負傷,21,車両相互,2,曇,12,昼－昼,6-9時,3,火,0,6,2023,6,6,6,2023/6/6,6:6,1,,37000,7,交差点付近－その他,1,138.3179939,34.83751806
2,負傷,21,車両相互,2,曇,12,昼－昼,15-18時,3,火,0,39,2023,23,15,5,2023/5/23,15:39,1,,37000,14,単路－その他,1,138.29908,34.85933806
2,負傷,21,車両相互,2,曇,12,昼－昼,12-15時,3,火,0,15,2023,6,12,6,2023/6/6,12:15,2,主要地方道－市道,1500,7,交差点付近－その他,1,138.3054081,34.87768306
2,負傷,21,車両相互,2,曇,12,昼－昼,9-12時,3,火,0,30,2023,30,11,5,2023/5/30,11:30,3,主要地方道－市道,1500,7,交差点付近－その他,1,138.3001869,34.84254
2,負傷,21,車両相互,2,曇,12,昼－昼,6-9時,4,水,0,13,2023,23,8,8,2023/8/23,8:13,1,,99000,0,一般交通の場所,1,138.3210831,34.82696306
2,負傷,21,車両相互,2,曇,12,昼－昼,9-12時,4,水,0,3,2023,16,11,8,2023/8/16,11:3,1,主要地方道－市道,1500,1,交差点－その他,1,138.3003139,34.79547194
2,負傷,21,車両相互,2,曇,12,昼－昼,6-9時,4,水,0,24,2023,6,7,9,2023/9/6,7:24,1,,37000,1,交差点－その他,1,138.3164569,34.85468194
2,負傷,21,車両相互,2,曇,12,昼－昼,6-9時,4,水,0,44,2023,6,8,9,2023/9/6,8:44,1,,23550,1,交差点－その他,1,138.3090261,34.79598306
2,負傷,21,車両相互,2,曇,12,昼－昼,12-15時,4,水,0,55,2023,27,12,12,2023/12/27,12:55,1,主要地方道－市道,1500,7,交差点付近－その他,1,138.3339631,34.89546806